<?xml version="2.0" encoding="UTF-8" standalone="yes"?>
<addon id="plugin.video.caza_y_pesca" name="[COLOR silver]CAZA Y PESCA[/COLOR]"	version="2.0"	provider-name="Anabel"> 
  <requires>
    <import addon="xbmc.python" version="2.25.0"/>
    <import addon="script.module.addon.common" version="2.0.0"/>
    <import addon="plugin.video.youtube" version="6.5.2"/>
  </requires>
  <extension point="xbmc.python.pluginsource" library="pulse.py">
    <provides>video</provides>
  </extension>
  <extension point="xbmc.addon.metadata">
    <summary lang="en">Para los amantes de la caza y la pesca</summary>
    <description lang="en"></description>
    <disclaimer lang="en"></disclaimer>
    <platform>all</platform>
    <forum>n/a</forum>
    <website>n/a</website>
  </extension>
</addon>